,Unnamed: 0,score,cost,input_tokens,output_tokens,optimizer,optimizer_cost,optimizer_input_tokens,optimizer_output_tokens,benchmark,program
0,0,62.5,0.1889762999999999,1239042.0,5200.0,Baseline,,,,SWEValidity,Predict
1,1,48.78,0.031263,163180.0,28158.0,RuleInfer-lite,0.2353863,1320530.0,193986.0,HumanEval,CoT
2,2,68.5,0.4791603,5271842.0,5200.0,RuleInfer-lite,3.904773900000008,40796906.0,42842.0,SWEValidity,Predict
3,3,74.19,0.08559,291476.0,69781.0,Baseline,,,,IReRa,RAGBasedRank
4,4,48.0,1.099562700000002,12851450.0,130910.0,RuleInfer,7.316660250000024,80629551.0,800694.0,HotpotQA,SimplifiedBaleen
5,5,36.0,0.0169783499999999,191925.0,1052.0,RuleInfer,0.1583739000000012,1575150.0,14921.0,Iris,Predict
6,6,91.0,0.1168594499999998,1356647.0,6500.0,RuleInfer,0.729749999999998,8106692.0,46297.0,Scone,Predict
7,7,75.25,0.1957964999999997,1486038.0,71026.0,RuleInfer-lite,0.1887392999999998,1327242.0,68547.0,IReRa,RAGBasedRank
8,8,80.0,0.2127033,1205442.0,53513.0,Baseline,,,,SWEUnderspecified,CoT
9,9,31.6,0.0798004499999999,852339.0,7740.0,RuleInfer-lite,0.4929514500000006,5062727.0,57856.0,HotpotQA,Predict
10,10,88.8,0.04306365,111647.0,43861.0,Baseline,,,,Scone,CoT
11,11,31.6,0.0951500999999998,1074766.0,7732.0,RuleInfer,0.6210847500000002,6588473.0,55847.0,HotpotQA,Predict
12,12,57.33,0.02617755,258525.0,7398.0,RuleInfer,0.2286770999999999,2071230.0,66793.0,Iris,CoT
13,13,57.14,0.2491249499999999,2371673.0,42850.0,RuleInfer-lite,0.7828899000000001,7302198.0,136179.0,Judge,CoT
14,14,80.49,0.0155784,26404.0,19363.0,Baseline,,,,HumanEval,CoT
15,15,46.67,0.0073387499999999,22125.0,6700.0,Baseline,,,,Iris,CoT
16,16,0.0,0.0103600499999999,31295.0,9443.0,Baseline,,,,HotpotQAConditional,Predict
17,17,49.14,0.1858268999999999,771534.0,116828.0,Baseline,,,,Judge,Predict
18,18,14.5,0.0678946499999999,250639.0,50498.0,Baseline,,,,HotpotQAConditional,SimplifiedBaleenWithInst
19,19,58.86,0.2183224499999999,2260723.0,5570.0,RuleInfer,0.6777649500000003,6674989.0,24109.0,Judge,Predict
20,20,79.08,0.06926385,353059.0,27175.0,RuleInfer-lite,0.0628307999999999,307900.0,27743.0,IReRa,RAG
21,21,11.63,0.04650915,280465.0,7399.0,RuleInfer-lite,0.0430761,249086.0,9522.0,IReRa,Predict
22,22,31.2,0.03844185,91839.0,41110.0,Baseline,,,,HotpotQA,CoT
23,23,34.67,0.0130387499999999,149025.0,1051.0,RuleInfer-lite,0.1281002999999997,1226250.0,12218.0,Iris,Predict
24,24,39.4,0.0,592410.0,134669.0,Baseline,,,,HotpotQA,SimplifiedBaleen
25,25,43.4,0.9622556999999998,8730918.0,319494.0,RuleInfer,5.825869350000017,52412377.0,1945296.0,hover,MultiHopSummarize
26,26,58.86,0.25295565,2418923.0,43742.0,RuleInfer,0.7879881000000004,7423362.0,131713.0,Judge,CoT
27,27,16.0,0.1835433,1775790.0,49350.0,RuleInfer,1.928062500000002,17894646.0,528288.0,HotpotQAConditional,SimplifiedBaleenWithInst
28,28,48.2,0.7915141499999994,9776061.0,33127.0,RuleInfer-lite,5.201611799999999,60115434.0,204224.0,HotpotQA,RAG
29,29,36.8,0.1222678499999999,1214839.0,33894.0,RuleInfer-lite,0.7659928500000007,7351839.0,209911.0,HotpotQA,CoT
30,30,74.19,0.0257134499999999,67863.0,25890.0,Baseline,,,,IReRa,RAG
31,31,71.95,0.0258320999999999,136858.0,21959.0,RuleInfer-lite,0.1864792500000003,1149463.0,135145.0,HumanEval,Predict
32,32,67.11,0.0455124,522840.0,1976.0,RuleInfer-lite,0.4217655,4576638.0,22111.0,HeartDisease,Predict
33,33,56.86,0.2058976500000003,2095523.0,5010.0,RuleInfer-lite,0.6421187999999998,6377520.0,20346.0,Judge,Predict
34,34,80.49,0.0110246999999999,23698.0,12450.0,Baseline,,,,HumanEval,Predict
35,35,69.5,0.5039864999999998,5168642.0,62329.0,RuleInfer,4.019699850000002,40076563.0,478935.0,SWEValidity,CoT
36,36,91.4,0.13764225,1397647.0,39032.0,RuleInfer-lite,0.8731389000000012,8404490.0,250013.0,Scone,CoT
37,37,45.39,0.02878425,101643.0,22563.0,Baseline,,,,HeartDisease,CoT
38,38,90.6,0.1625428499999998,1741147.0,34626.0,RuleInfer,1.020047850000002,10404747.0,225293.0,Scone,CoT
39,39,70.25,0.4929074999999998,5459042.0,5200.0,RuleInfer,4.016354850000003,42280699.0,44598.0,SWEValidity,Predict
40,40,67.25,0.2280122999999999,1252242.0,66960.0,Baseline,,,,SWEValidity,CoT
41,41,9.59,0.0579820499999999,287563.0,24746.0,RuleInfer-lite,0.05440125,260843.0,25458.0,IReRa,CoT
42,42,9.22,0.0626887499999999,385921.0,8001.0,RuleInfer,0.0583182,355208.0,11595.0,IReRa,Predict
43,43,67.11,0.0517644,602792.0,1976.0,RuleInfer,0.5020983000000003,5482166.0,24081.0,HeartDisease,Predict
44,44,90.4,0.08870025,1010647.0,6500.0,RuleInfer-lite,0.5745665999999997,6171756.0,43760.0,Scone,Predict
45,45,74.39,0.0341792999999999,216398.0,26482.0,RuleInfer,0.2733071999999997,1788572.0,195041.0,HumanEval,Predict
46,46,47.4,1.0389322500000004,12073883.0,133691.0,RuleInfer-lite,6.987110099999972,76591987.0,800149.0,HotpotQA,SimplifiedBaleen
47,47,80.5,0.1819563,1192242.0,5200.0,Baseline,,,,SWEUnderspecified,Predict
48,48,57.24,0.2714478000000001,2733916.0,70470.0,RuleInfer-lite,2.590817999999999,24501800.0,670788.0,HeartDisease,CoTBasedVote
49,49,2.5,0.06743805,235395.0,53548.0,Baseline,,,,HotpotQAConditional,SimplifiedBaleen
50,50,57.24,0.0155663999999999,95872.0,1976.0,Baseline,,,,HeartDisease,Predict
51,51,47.6,0.8060371499999995,10010061.0,34992.0,RuleInfer,5.30688420000001,61625884.0,215264.0,HotpotQA,RAG
52,52,37.0,0.1369156499999998,1457839.0,28709.0,RuleInfer,0.8595016499999996,8685591.0,182161.0,HotpotQA,CoT
53,53,77.0,0.5107779000000002,5285442.0,59680.0,RuleInfer,4.091597099999983,41140430.0,455357.0,SWEUnderspecified,CoT
54,54,43.6,0.8470990499999997,8208243.0,193659.0,RuleInfer,5.201119949999995,49689361.0,1168385.0,hover,Predict
55,55,58.67,0.0,19650.0,1075.0,Baseline,,,,Iris,Predict
56,56,77.0,0.4501035000000001,4926642.0,5200.0,RuleInfer-lite,3.6999765000000098,38286858.0,42977.0,SWEUnderspecified,Predict
57,57,11.29,0.06432885,520107.0,29508.0,RuleInfer,0.07101945,480563.0,31169.0,IReRa,CoT
58,58,63.41,0.0388319999999999,236980.0,31715.0,RuleInfer,0.30342195,1931185.0,229483.0,HumanEval,CoT
59,59,49.34,0.2983887,3154230.0,70053.0,RuleInfer,2.8881724500000128,28306699.0,663602.0,HeartDisease,CoTBasedVote
60,60,75.11,0.1988659499999997,1776689.0,64743.0,RuleInfer,0.1914343499999999,1555485.0,65402.0,IReRa,RAGBasedRank
61,61,41.6,0.2899042500000001,1373599.0,139918.0,Baseline,,,,hover,Predict
62,62,0.5,0.0325138499999999,357095.0,3124.0,RuleInfer-lite,0.3568579500000005,3722821.0,37114.0,HotpotQAConditional,Predict
63,63,67.75,0.5352710999999999,5524242.0,65810.0,RuleInfer-lite,4.254615749999994,42786437.0,501105.0,SWEValidity,CoT
64,64,9.51,0.0128785499999999,56709.0,7287.0,Baseline,,,,IReRa,Predict
65,65,54.86,0.1553234999999999,666110.0,92345.0,Baseline,,,,Judge,CoT
66,66,2.6,0.0230290499999999,75339.0,19547.0,Baseline,,,,HotpotQA,Predict
67,67,51.97,0.0661062,706000.0,16365.0,RuleInfer,0.6396543000000003,6323030.0,154181.0,HeartDisease,CoT
68,68,76.0,0.0202298999999999,207450.0,5214.0,RuleInfer-lite,0.1832858999999995,1647790.0,48649.0,Iris,CoT
69,69,39.6,0.3618323999999996,1371368.0,260212.0,Baseline,,,,hover,MultiHopSummarize
70,70,0.5,0.0390334499999999,449495.0,3114.0,RuleInfer,0.4520467500000003,4789229.0,38408.0,HotpotQAConditional,Predict
71,71,4.0,0.1679772,1419052.0,45839.0,RuleInfer-lite,1.76498925,14589491.0,489876.0,HotpotQAConditional,SimplifiedBaleen
72,72,35.2,0.0,270061.0,45896.0,Baseline,,,,HotpotQA,RAG
73,73,77.0,0.4758963,5123042.0,5200.0,RuleInfer,3.7814403,39609478.0,44383.0,SWEUnderspecified,Predict
74,74,3.5,0.1752042000000002,1694696.0,48989.0,RuleInfer,1.9283843999999992,17733448.0,525396.0,HotpotQAConditional,SimplifiedBaleen
75,75,76.75,0.4980656999999999,5125042.0,58417.0,RuleInfer-lite,3.981147299999998,39722566.0,439388.0,SWEUnderspecified,CoT
76,76,79.57,0.05759655,493405.0,25603.0,RuleInfer,0.0622998,433140.0,26876.0,IReRa,RAG
77,77,7.95,0.0257134499999999,67863.0,25890.0,Baseline,,,,IReRa,CoT
78,78,40.2,0.8052535500000009,6986169.0,288619.0,RuleInfer-lite,4.912767749999996,41907985.0,1748726.0,hover,MultiHopSummarize
79,79,42.6,0.7511080499999984,7049499.0,176592.0,RuleInfer-lite,4.585894799999992,42289384.0,1075276.0,hover,Predict
80,80,79.0,0.0181720499999999,95147.0,6500.0,Baseline,,,,Scone,Predict
81,81,46.05,0.126453,478596.0,91106.0,Baseline,,,,HeartDisease,CoTBasedVote
82,82,17.0,0.1514729999999999,1391648.0,47647.0,RuleInfer-lite,1.6543590000000028,14447972.0,498872.0,HotpotQAConditional,SimplifiedBaleenWithInst
83,83,55.26,0.0615521999999999,618600.0,16609.0,RuleInfer-lite,0.5758441500000002,5503181.0,160553.0,HeartDisease,CoT
84,84,56.29,0.7959970500000003,3338079.0,661438.0,MIPROv2,4.018752749999991,31762247.0,3110113.0,Judge,GeneratorCriticRanker
85,85,76.7,0.1174525499999999,536025.0,62020.0,BootstrapFewShotRandomSearch,0.2529628500000001,1524511.0,124221.0,IReRa,RAGBasedRank
86,86,76.0,0.09337155,406021.0,54114.0,MIPROv2-lite,0.4185853499999997,2508957.0,157859.0,MMLU,CoT
87,87,56.86,0.0,2181273.0,47056.0,MIPROv2,0.0,12304805.0,412517.0,Judge,CoT
88,88,81.0,0.1633689000000001,1073442.0,5185.0,MIPROv2,2.24141475,23978504.0,78582.0,SWEUnderspecified,Predict
89,89,62.5,0.0247092,157432.0,1824.0,MIPROv2-lite,0.1946470499999999,1313183.0,22467.0,HeartDisease,Predict
90,90,74.2,0.0744205499999999,299021.0,49279.0,BootstrapFewShotRandomSearch,1.2411878999999997,7553042.0,413314.0,MMLU,CoT
91,91,38.6,0.1394565000000001,1235362.0,41779.0,BootstrapFewShot,0.00206595,18045.0,452.0,HotpotQA,RAG
92,92,65.4,1.372123799999999,3369324.0,1788174.0,BootstrapFewShot,0.028521,19524.0,42654.0,MATH,GeneratorCriticFuser
93,93,14.67,0.05757315,120649.0,65793.0,Baseline,0.0,0.0,0.0,Iris,GeneratorCriticFuser
94,94,84.0,0.0,517977.0,183916.0,BootstrapFewShotRandomSearch,0.3338956499999998,7096757.0,2979798.0,Iris,GeneratorCriticRanker20
95,95,71.0,0.02586375,120021.0,13101.0,Baseline,0.0,0.0,0.0,MMLU,Predict
96,96,48.43,0.1662465,419510.0,172440.0,Baseline,0.0,0.0,0.0,RAGQAArena,Predict
97,97,51.6,0.3161512500000005,2188087.0,135433.0,MIPROv2,2.537534550000004,16555072.0,1439540.0,HotpotQA,SimplifiedBaleen
98,98,79.25,0.2377023000000002,1707042.0,58146.0,BootstrapFewShotRandomSearch,5.259945599999976,47234892.0,821357.0,SWEUnderspecified,CoT
99,99,53.39,1.337942850000003,5863231.0,1166561.0,BootstrapFewShotRandomSearch,12.88391459999993,59129808.0,11064915.0,RAGQAArena,GeneratorCriticRanker
100,100,76.75,0.4969509000000001,5019042.0,57811.0,BootstrapFewShot,0.0020423999999999,11640.0,494.0,SWEUnderspecified,CoT
101,101,85.33,0.1818867000000001,663622.0,191831.0,BootstrapFewShot,0.0066751499999999,9349.0,8788.0,Iris,GeneratorCriticFuser20
102,102,52.86,0.1512545999999999,654688.0,88739.0,BootstrapFewShotRandomSearch,0.9837088500000007,8003123.0,294734.0,Judge,CoT
103,103,31.4,0.5401411499999997,4089045.0,136598.0,BootstrapFewShotRandomSearch,5.355056099999981,49347362.0,1628637.0,hover,Predict
104,104,69.6,0.06539055,661021.0,6001.0,BootstrapFewShot,0.0004959,3114.0,48.0,MMLU,Predict
105,105,25.8,0.3187881000000002,637298.0,371989.0,Baseline,0.0,0.0,0.0,HotpotQA,GeneratorCriticFuser
106,106,78.67,0.1360013999999999,181436.0,181310.0,BootstrapFewShotRandomSearch,2.3857294500000106,6621591.0,2803474.0,Iris,GeneratorCriticFuser20
107,107,10.71,8.2127439,35602938.0,620916.0,BootstrapFewShotRandomSearch,19.03134824999993,83169579.0,1227207.0,AppWorld,ReActBaseline
108,108,76.55,0.02968215,110789.0,21773.0,BootstrapFewShotRandomSearch,0.0724703999999999,302208.0,45232.0,IReRa,RAG
109,109,20.24,4.456456800000002,19720416.0,339452.0,Baseline,0.0,0.0,0.0,AppWorld,AppWorldReactAugmented
110,110,71.6,0.3706454999999997,751922.0,429762.0,MIPROv2-lite,1.939731449999996,9183871.0,1433414.0,MMLU,GeneratorCriticFuser
111,111,62.5,0.1484145000000001,1098958.0,75674.0,BootstrapFewShotRandomSearch,2.8995289500000068,17813909.0,1475711.0,HeartDisease,CoTBasedVote
112,112,56.57,0.9825596999999998,4558966.0,813714.0,MIPROv2,4.383437100000004,39226847.0,3245585.0,Judge,GeneratorCriticFuser
113,113,41.06,0.002604,382202.0,160857.0,Baseline,0.0,0.0,0.0,RAGQAArena,CoT
114,114,33.6,0.4321124999999998,2324710.0,336962.0,BootstrapFewShotRandomSearch,4.719716850000015,18904047.0,4060119.0,HotpotQA,GeneratorCriticRanker
115,115,69.6,0.07404555,763521.0,6001.0,MIPROv2-lite,0.33616815,2240865.0,63065.0,MMLU,Predict
116,116,54.47,1.3360194,7835696.0,1016559.0,BootstrapFewShot,0.0260265,60130.0,28345.0,RAGQAArena,GeneratorCriticFuser
117,117,48.57,0.6289351500000007,2017145.0,571283.0,Baseline,0.0,0.0,0.0,Judge,GeneratorCriticRanker
118,118,78.61,0.03312555,129717.0,22780.0,MIPROv2-lite,0.10701225,442587.0,70075.0,IReRa,RAG
119,119,65.6,1.3127846999999997,3476950.0,1677857.0,BootstrapFewShot,0.0081849,7398.0,11792.0,MATH,GeneratorCriticRanker
120,120,72.6,0.5563387499999995,3269597.0,390616.0,BootstrapFewShotRandomSearch,6.0766028999999575,31442258.0,3989859.0,MMLU,GeneratorCriticFuser
121,121,73.17,0.2034858000000001,438936.0,240785.0,MIPROv2-lite,1.8697293,6014790.0,1966246.0,HumanEval,GeneratorCriticRanker
122,122,9.23,0.04486635,200697.0,24603.0,MIPROv2-lite,0.1224553499999999,497729.0,80172.0,IReRa,CoT
123,123,44.0,0.0,116524.0,65703.0,MIPROv2,0.8377854000000022,6877873.0,2352904.0,Iris,GeneratorCriticRanker
124,124,76.0,0.0697411499999999,248593.0,67159.0,MIPROv2-lite,0.8761669500000007,3486881.0,814302.0,Iris,GeneratorCriticRanker
125,125,73.17,0.1923168,838932.0,169963.0,BootstrapFewShotRandomSearch,2.661853350000004,12033793.0,2369254.0,HumanEval,GeneratorCriticRanker
126,126,54.61,0.3038266499999995,990075.0,259003.0,MIPROv2-lite,0.9495849000000022,2845478.0,883974.0,RAGQAArena,Predict
127,127,78.25,0.2616740999999998,1984242.0,62655.0,MIPROv2-lite,1.583488050000001,12142607.0,294439.0,SWEUnderspecified,CoT
128,128,74.0,0.0817238999999999,336398.0,52107.0,Baseline,0.0,0.0,0.0,MMLU,RAG
129,129,81.33,0.16388235,253973.0,222140.0,MIPROv2,5.080047450000012,11665043.0,6655870.0,Iris,GeneratorCriticRanker20
130,130,87.0,0.5174556000000013,2750248.0,404592.0,BootstrapFewShot,0.0036555,8186.0,4046.0,Scone,GeneratorCriticFuser
131,131,52.61,0.0,794080.0,293228.0,MIPROv2,0.0,7913586.0,2393813.0,RAGQAArena,CoT
132,132,51.56,1.33635195,3914629.0,1369204.0,MIPROv2,12.010482899999944,44863950.0,13275646.0,RAGQAArena,GeneratorCriticRanker
133,133,74.0,0.5573023499999998,3503149.0,410042.0,BootstrapFewShot,0.00282315,8913.0,2477.0,MMLU,GeneratorCriticRanker
134,134,67.0,0.3433109999999996,673644.0,403774.0,Baseline,0.0,0.0,0.0,Scone,GeneratorCriticFuser
135,135,57.14,0.0,1917023.0,4971.0,MIPROv2,0.8459922000000007,11412880.0,54338.0,Judge,Predict
136,136,77.82,0.0550690499999999,262551.0,26144.0,BootstrapFewShot,0.00039,980.0,405.0,IReRa,RAG
137,137,33.6,0.4321124999999998,2324710.0,336962.0,BootstrapFewShot,0.0079626,18864.0,8555.0,HotpotQA,GeneratorCriticRanker
138,138,52.71,0.2296571999999997,851996.0,173398.0,Baseline,0.0,0.0,0.0,RAGQAArena,RAG
139,139,59.0,0.0,231762.0,170273.0,MIPROv2,0.7058476499999997,2979395.0,1191165.0,MATH,Predict
140,140,67.5,0.5295141000000001,5431042.0,65979.0,BootstrapFewShot,0.0035704499999999,18887.0,1229.0,SWEValidity,CoT
141,141,87.6,0.4384860000000006,1305752.0,404628.0,BootstrapFewShotRandomSearch,5.284682399999999,21522200.0,4748918.0,Scone,GeneratorCriticRanker
142,142,80.49,0.1231848,236424.0,146586.0,Baseline,0.0,0.0,0.0,HumanEval,GeneratorCriticFuser
143,143,30.8,0.1298249999999999,900144.0,1185689.0,Baseline,0.0,0.0,0.0,HotpotQA,GeneratorCriticRanker20
144,144,70.8,0.1734339,1520398.0,54061.0,MIPROv2,1.3213762499999973,11319561.0,454643.0,MMLU,RAG
145,145,73.6,0.0955153500000001,780021.0,42347.0,BootstrapFewShot,0.0006650999999999,3550.0,221.0,MMLU,CoT
146,146,55.26,0.1620971999999999,1002600.0,80600.0,MIPROv2,2.982115799999995,21771815.0,2203604.0,HeartDisease,CoTBasedVote
147,147,8.33,13.222264349999987,57298713.0,875581.0,BootstrapFewShot,0.1449782999999999,638898.0,14962.0,AppWorld,ReActBaseline
148,148,73.4,0.6013051499999991,4143713.0,398839.0,BootstrapFewShot,0.00365565,12171.0,3050.0,MMLU,GeneratorCriticFuser
149,149,32.6,0.9618167999999996,1743768.0,1167470.0,MIPROv2-lite,2.964925200000005,7613231.0,4234744.0,HotpotQA,GeneratorCriticFuser20
150,150,78.05,0.1488680999999999,725906.0,66637.0,MIPROv2-lite,0.3328017,1831766.0,174120.0,IReRa,RAGBasedRank
151,151,53.71,0.12366915,1040973.0,4512.0,BootstrapFewShotRandomSearch,0.78632355,7305125.0,30018.0,Judge,Predict
152,152,71.4,0.2808201000000002,1194610.0,170837.0,BootstrapFewShotRandomSearch,4.945519500000029,34950606.0,1595633.0,MMLU,SimplifiedBaleen
153,153,70.5,0.2784146999999999,2143442.0,61972.0,MIPROv2,4.187706749999998,35312986.0,845915.0,SWEValidity,CoT
154,154,37.0,0.1316519999999999,1037880.0,51342.0,MIPROv2,2.0757915000000016,15507709.0,1103152.0,HotpotQAConditional,SimplifiedBaleenWithInst
155,155,78.0,0.2890418999999998,2783842.0,4800.0,BootstrapFewShotRandomSearch,4.699299900000007,45307530.0,69012.0,SWEUnderspecified,Predict
156,156,83.75,0.23113725,1599075.0,55828.0,MIPROv2,2.8031037000000025,26549156.0,755391.0,SWEUnderspecified,CoT
157,157,77.33,0.0808675499999999,423533.0,62912.0,BootstrapFewShot,0.0028718999999999,7370.0,2944.0,Iris,GeneratorCriticFuser
158,158,35.2,0.4004295000000002,1755110.0,323869.0,MIPROv2-lite,1.1278617,4216754.0,1027469.0,HotpotQA,GeneratorCriticFuser
159,159,89.0,0.0706838999999999,286838.0,46097.0,MIPROv2-lite,0.3013210500000003,1293091.0,178929.0,Scone,CoT
160,160,49.6,0.3517777499999998,2691949.0,120637.0,BootstrapFewShot,0.00412935,28953.0,1852.0,HotpotQA,SimplifiedBaleen
161,161,35.2,0.06452145,290839.0,34826.0,BootstrapFewShotRandomSearch,0.7232857499999982,3157613.0,416073.0,HotpotQA,CoT
162,162,34.4,0.4437126,2164784.0,381125.0,MIPROv2-lite,1.480876650000002,5411775.0,1391600.0,HotpotQA,GeneratorCriticRanker
163,163,52.71,0.2573317500000002,927033.0,197768.0,BootstrapFewShotRandomSearch,2.608205249999986,8851883.0,2177430.0,RAGQAArena,CoT
164,164,44.8,0.1239608999999999,1058362.0,37291.0,BootstrapFewShotRandomSearch,1.5093364499999953,12318131.0,444620.0,HotpotQA,RAG
165,165,61.33,0.06234045,264703.0,56061.0,BootstrapFewShotRandomSearch,1.095433200000002,4541460.0,968437.0,Iris,GeneratorCriticRanker
166,166,31.0,0.2362365,3944202.0,1042116.0,BootstrapFewShot,0.0032202,25309.0,25943.0,HotpotQA,GeneratorCriticRanker20
167,167,57.71,0.8303678999999996,6393438.0,366259.0,BootstrapFewShotRandomSearch,4.249259399999984,28990784.0,2355187.0,Judge,GeneratorCriticFuser
168,168,75.0,0.05160165,136727.0,51821.0,Baseline,0.0,0.0,0.0,MMLU,CoT
169,169,78.05,0.0,30996.0,39750.0,MIPROv2,0.0,2485111.0,738832.0,HumanEval,CoT
170,170,34.8,0.4247475000000002,2333110.0,323611.0,BootstrapFewShot,0.0073356,18076.0,7707.0,HotpotQA,GeneratorCriticFuser
171,171,0.0,0.0,67863.0,25069.0,MIPROv2,0.1500558000000001,593994.0,166531.0,IReRa,RAGBasedRank
172,172,82.93,0.0251180999999999,138826.0,19957.0,BootstrapFewShotRandomSearch,0.2857307999999999,1155272.0,227192.0,HumanEval,Predict
173,173,27.2,1.044314100000001,729606.0,1558122.0,Baseline,0.0,0.0,0.0,MATH,GeneratorCriticFuser
174,174,70.0,0.4748331000000002,5152242.0,4800.0,BootstrapFewShot,0.0028488,18656.0,84.0,SWEValidity,Predict
175,175,72.6,0.0,1657485.0,394262.0,MIPROv2,3.9625033500000177,23312340.0,3993035.0,MMLU,GeneratorCriticRanker
176,176,85.2,0.0483506999999999,298338.0,6000.0,BootstrapFewShot,0.0002594999999999,1538.0,48.0,Scone,Predict
177,177,53.15,1.505470799999998,5496620.0,1444387.0,MIPROv2-lite,4.724500049999998,16417791.0,4695062.0,RAGQAArena,GeneratorCriticRanker
178,178,34.4,0.4024440000000003,1642516.0,354463.0,MIPROv2,3.9303011999999873,14142135.0,3905201.0,HotpotQA,GeneratorCriticFuser
179,179,56.29,0.9793543499999998,8241173.0,371196.0,BootstrapFewShot,0.01752345,62943.0,13934.0,Judge,GeneratorCriticFuser
180,180,31.14,0.6403141500000004,2027645.0,587639.0,Baseline,0.0,0.0,0.0,Judge,GeneratorCriticFuser
181,181,50.2,0.3367139999999999,2379884.0,134139.0,MIPROv2-lite,1.1462814000000074,7714360.0,514823.0,HotpotQA,SimplifiedBaleen
182,182,55.16,0.2900596500000003,912319.0,255353.0,BootstrapFewShotRandomSearch,2.655523800000016,8878964.0,2286260.0,RAGQAArena,Predict
183,183,69.0,0.2153642999999999,1795042.0,5188.0,MIPROv2,4.146601950000001,42896160.0,76238.0,SWEValidity,Predict
184,184,53.33,0.0396141,182291.0,109477.0,MIPROv2,0.3585076500000007,5827013.0,2647244.0,Iris,GeneratorCriticFuser
185,185,10.71,8.212743899999989,35602938.0,620916.0,BootstrapFewShotRandomSearch,19.031348249999944,83169579.0,1227207.0,AppWorld,AppWorldReactAugmented
186,186,87.0,0.0326757,193838.0,6000.0,BootstrapFewShotRandomSearch,0.4256346,2560796.0,69192.0,Scone,Predict
187,187,52.6,0.2808928499999996,1871819.0,127944.0,BootstrapFewShotRandomSearch,3.544812749999989,23463917.0,1420474.0,HotpotQA,SimplifiedBaleen
188,188,81.71,0.0288944999999999,238720.0,145961.0,MIPROv2,5.264860350000002,20872309.0,5302891.0,HumanEval,GeneratorCriticFuser
189,189,86.4,0.0350666999999999,207838.0,6485.0,MIPROv2,0.3096009000000007,2274132.0,70993.0,Scone,Predict
190,190,74.67,0.1157508,402708.0,130833.0,MIPROv2-lite,1.028683199999997,4058000.0,1008468.0,Iris,GeneratorCriticFuser
191,191,29.6,0.0364486499999999,211839.0,7788.0,MIPROv2-lite,0.1667706000000001,921432.0,47593.0,HotpotQA,Predict
192,192,44.0,0.0,152837.0,206377.0,Baseline,0.0,0.0,0.0,Iris,GeneratorCriticRanker20
193,193,36.0,0.1447884,161312.0,200986.0,Baseline,0.0,0.0,0.0,Iris,GeneratorCriticFuser20
194,194,93.0,0.5012802000000004,2092136.0,426369.0,MIPROv2,3.870808799999976,18096545.0,4295917.0,Scone,GeneratorCriticRanker
195,195,64.6,1.0339432500000003,702491.0,1547616.0,Baseline,0.0,0.0,0.0,MATH,GeneratorCriticRanker
196,196,68.0,1.3701118499999994,3510415.0,1763932.0,BootstrapFewShotRandomSearch,17.844281400000067,27320544.0,24956973.0,MATH,GeneratorCriticFuser
197,197,66.2,1.3995151500000025,2278561.0,1916565.0,MIPROv2-lite,5.828115900000004,7219802.0,8340624.0,MATH,GeneratorCriticFuser
198,198,55.43,0.2143438499999998,2227823.0,4572.0,MIPROv2-lite,0.4964425500000002,4521353.0,23817.0,Judge,Predict
199,199,24.6,0.1184386499999999,968507.0,1149621.0,Baseline,0.0,0.0,0.0,HotpotQA,GeneratorCriticFuser20
200,200,63.03,0.9529369499999985,7890929.0,333384.0,BootstrapFewShot,0.0138542999999999,57018.0,8836.0,RAGQAArena,SimplifiedBaleen
201,201,57.71,0.9043446000000004,7245756.0,366890.0,BootstrapFewShot,0.0078910499999999,28415.0,6208.0,Judge,GeneratorCriticRanker
202,202,73.0,0.1842290999999997,1731398.0,46119.0,BootstrapFewShot,0.00093525,5195.0,260.0,MMLU,RAG
203,203,81.71,0.0210839999999999,60844.0,19929.0,MIPROv2-lite,0.2679906000000003,849572.0,254866.0,HumanEval,CoT
204,204,85.4,0.3462186,658644.0,412370.0,Baseline,0.0,0.0,0.0,Scone,GeneratorCriticRanker
205,205,41.0,0.1058627999999999,400660.0,76273.0,BootstrapFewShot,0.0007727999999999,1932.0,805.0,MATH,Predict
206,206,32.4,0.4367798999999995,2663274.0,144340.0,MIPROv2,3.474130049999981,35930356.0,1535469.0,hover,Predict
207,207,63.08,0.4281910499999999,2918351.0,232752.0,BootstrapFewShotRandomSearch,4.356602250000004,27696436.0,2361079.0,RAGQAArena,RAG
208,208,51.82,0.4197742499999997,1732351.0,266840.0,Baseline,0.0,0.0,0.0,RAGQAArena,SimplifiedBaleen
209,209,1.19,15.38048654999996,68561477.0,898031.0,Baseline,0.0,0.0,0.0,AppWorld,ReActBaseline
210,210,38.0,0.13423395,994565.0,51850.0,MIPROv2-lite,0.8629677000000018,5684550.0,392406.0,HotpotQAConditional,SimplifiedBaleenWithInst
211,211,8.33,13.222264349999977,57298713.0,875581.0,BootstrapFewShot,0.1449782999999999,638898.0,14962.0,AppWorld,AppWorldReactAugmented
212,212,92.2,0.4838982000000001,2634580.0,371676.0,BootstrapFewShotRandomSearch,5.2043361000000266,21215402.0,4595819.0,Scone,GeneratorCriticFuser
213,213,35.14,0.677213999999999,1344101.0,793671.0,Baseline,0.0,0.0,0.0,RAGQAArena,GeneratorCriticRanker
214,214,0.1,0.0,67863.0,25069.0,MIPROv2,0.2039958000000003,891623.0,162475.0,IReRa,RAG
215,215,64.34,0.8945473499999993,7025489.0,346076.0,BootstrapFewShotRandomSearch,8.761240650000007,62238607.0,3661616.0,RAGQAArena,SimplifiedBaleen
216,216,54.07,1.15366845,5591799.0,994015.0,MIPROv2-lite,4.226835300000001,17348167.0,3922231.0,RAGQAArena,GeneratorCriticFuser
217,217,10.52,0.0290452499999999,166559.0,6769.0,BootstrapFewShot,0.0005753999999999,2508.0,332.0,IReRa,Predict
218,218,57.43,0.1923277499999999,1901973.0,4701.0,BootstrapFewShot,0.0016533,10554.0,117.0,Judge,Predict
219,219,56.29,0.8928574500000003,7149495.0,373858.0,MIPROv2-lite,2.06010675,13834957.0,1127252.0,Judge,GeneratorCriticRanker
220,220,62.67,0.0613314,264928.0,55155.0,BootstrapFewShotRandomSearch,1.0806004500000024,4549195.0,947590.0,Iris,GeneratorCriticFuser
221,221,9.6,0.04487475,201373.0,24448.0,MIPROv2,0.2140334999999996,1032606.0,146266.0,IReRa,CoT
222,222,74.67,0.01228815,44925.0,9249.0,MIPROv2,0.1628719499999999,1330047.0,282166.0,Iris,CoT
223,223,50.33,0.2376907499999998,763821.0,205196.0,MIPROv2-lite,0.8828493000000017,2725938.0,811418.0,RAGQAArena,CoT
224,224,44.4,0.1137699,888862.0,39385.0,MIPROv2-lite,0.4893750000000002,3613436.0,172506.0,HotpotQA,RAG
225,225,45.31,1.2506813999999988,7323540.0,903216.0,BootstrapFewShot,0.0247497,58506.0,26623.0,RAGQAArena,GeneratorCriticRanker
226,226,82.93,0.0217232999999999,58794.0,21507.0,MIPROv2-lite,0.21380025,702563.0,184692.0,HumanEval,Predict
227,227,69.75,0.2845665000000002,2234642.0,69089.0,MIPROv2-lite,1.6215748499999976,12301979.0,323018.0,SWEValidity,CoT
228,228,10.37,0.0188347499999999,99297.0,6567.0,MIPROv2,0.1215040499999999,703556.0,42645.0,IReRa,Predict
229,229,31.0,0.04138185,243839.0,8010.0,BootstrapFewShotRandomSearch,0.3919596000000011,2153712.0,114838.0,HotpotQA,Predict
230,230,48.52,0.706662149999999,1413419.0,825098.0,Baseline,0.0,0.0,0.0,RAGQAArena,GeneratorCriticFuser
231,231,90.4,0.4376917499999996,1748321.0,388214.0,MIPROv2-lite,1.6288542000000028,6138232.0,1560695.0,Scone,GeneratorCriticFuser
232,232,86.59,0.0231992999999999,121442.0,19537.0,MIPROv2,0.4460469000000006,2071364.0,476514.0,HumanEval,Predict
233,233,35.0,0.1397738999999997,1094510.0,46321.0,BootstrapFewShot,0.0080511,32734.0,5235.0,HotpotQAConditional,SimplifiedBaleenWithInst
234,234,68.0,0.0,37200.0,1071.0,MIPROv2,0.0405272999999999,1182134.0,34277.0,Iris,Predict
235,235,64.67,0.6760915500000001,3683421.0,361116.0,MIPROv2,7.046825999999981,50043281.0,3443868.0,RAGQAArena,SimplifiedBaleen
236,236,90.67,0.0057408,34200.0,1018.0,BootstrapFewShotRandomSearch,0.0997619999999996,603468.0,15403.0,Iris,Predict
237,237,39.2,0.08571045,295491.0,68978.0,MIPROv2-lite,0.3557363999999994,1116648.0,313732.0,MATH,Predict
238,238,10.82,0.0300265499999999,172981.0,6799.0,MIPROv2-lite,0.0723707999999999,382584.0,24972.0,IReRa,Predict
239,239,34.0,0.9129661499999993,2651649.0,1065226.0,MIPROv2,9.128510099999994,24083512.0,11768549.0,HotpotQA,GeneratorCriticRanker20
240,240,62.6,0.5305243500000002,4229109.0,232834.0,BootstrapFewShot,0.00474195,19221.0,3098.0,RAGQAArena,RAG
241,241,35.0,0.4471026,1523580.0,365396.0,BootstrapFewShotRandomSearch,4.682643900000023,18794374.0,3967909.0,HotpotQA,GeneratorCriticFuser
242,242,73.4,0.4683600000000002,4099448.0,166346.0,BootstrapFewShot,0.00222525,10927.0,977.0,MMLU,SimplifiedBaleen
243,243,35.2,1.1349099000000002,4940330.0,1135042.0,BootstrapFewShotRandomSearch,4.3107803999999765,32214924.0,11968296.0,HotpotQA,GeneratorCriticFuser20
244,244,3.0,0.0,243877.0,53118.0,MIPROv2,1.9630901999999968,14300798.0,1296346.0,HotpotQAConditional,SimplifiedBaleen
245,245,80.49,0.0291059999999999,145468.0,26047.0,BootstrapFewShot,0.00065685,1103.0,819.0,HumanEval,CoT
246,246,63.82,0.0,182360.0,20451.0,MIPROv2,0.0,4181109.0,498482.0,HeartDisease,CoT
247,247,70.0,0.5776346999999996,6127042.0,66644.0,BootstrapFewShotRandomSearch,5.44949549999998,48745818.0,960262.0,SWEValidity,CoT
248,248,86.67,0.0,675370.0,197424.0,BootstrapFewShot,0.0,8897.0,9077.0,Iris,GeneratorCriticRanker20
249,249,10.12,0.04231545,196303.0,21450.0,BootstrapFewShot,0.00117105,3003.0,1201.0,IReRa,CoT
250,250,73.8,0.4640015999999997,2106980.0,398607.0,BootstrapFewShotRandomSearch,6.045932399999986,31161240.0,4047524.0,MMLU,GeneratorCriticRanker
251,251,59.21,0.0268547999999999,193304.0,1824.0,BootstrapFewShot,0.00074985,4759.0,60.0,HeartDisease,Predict
252,252,69.51,0.2217667500000001,1207709.0,178372.0,BootstrapFewShot,0.00539985,10763.0,6309.0,HumanEval,GeneratorCriticRanker
253,253,93.0,0.0668379,283838.0,40437.0,BootstrapFewShotRandomSearch,0.8830396499999994,3914083.0,493212.0,Scone,CoT
254,254,36.4,0.6572061000000009,5106670.0,279204.0,MIPROv2-lite,2.1821397000000053,13168142.0,1020288.0,hover,MultiHopSummarize
255,255,91.0,0.4138767000000005,1109410.0,412698.0,MIPROv2-lite,1.5730764000000026,4886568.0,1565560.0,Scone,GeneratorCriticRanker
256,256,3.0,0.14457315,1100665.0,52317.0,BootstrapFewShot,0.0347101499999999,137381.0,23505.0,HotpotQAConditional,SimplifiedBaleen
257,257,72.4,0.1855485000000001,1747898.0,49425.0,MIPROv2-lite,0.687691950000001,5112165.0,162608.0,MMLU,RAG
258,258,24.2,0.0,6724086.0,149209.0,BootstrapFewShot,0.0,62051.0,6349.0,hover,Predict
259,259,82.67,0.0105355499999999,46725.0,5878.0,BootstrapFewShotRandomSearch,0.1839730499999996,828715.0,99443.0,Iris,CoT
260,260,58.67,0.0060301499999999,36225.0,994.0,MIPROv2-lite,0.0828782999999991,482298.0,17556.0,Iris,Predict
261,261,78.05,0.23646195,1242301.0,198616.0,BootstrapFewShot,0.0072036,14164.0,8465.0,HumanEval,GeneratorCriticFuser
262,262,10.71,8.21274389999999,35602938.0,620916.0,MIPROv2-lite,46.482107700000014,202312366.0,3342872.0,AppWorld,ReActBaseline
263,263,86.6,0.0980217,481338.0,43035.0,BootstrapFewShot,0.0006451499999999,2469.0,458.0,Scone,CoT
264,264,60.76,0.4519282499999996,3348311.0,220344.0,MIPROv2-lite,1.534964100000002,10074955.0,812904.0,RAGQAArena,RAG
265,265,66.6,0.1741954499999999,132171.0,257283.0,Baseline,0.0,0.0,0.0,MATH,CoT
266,266,72.2,0.1946967,1835898.0,49920.0,BootstrapFewShotRandomSearch,1.9253138999999977,15140746.0,423110.0,MMLU,RAG
267,267,73.6,0.5036638499999994,1172803.0,547839.0,MIPROv2,4.403249700000006,25319676.0,3962906.0,MMLU,GeneratorCriticFuser
268,268,0.5,0.0161878499999999,94095.0,3456.0,BootstrapFewShot,0.0063926999999999,34146.0,2118.0,HotpotQAConditional,Predict
269,269,69.51,0.2105866499999999,916195.0,189081.0,MIPROv2,5.184647850000014,22434298.0,4935952.0,HumanEval,GeneratorCriticRanker
270,270,28.2,0.2115597,3870314.0,1009860.0,BootstrapFewShot,0.0034009499999999,27090.0,25799.0,HotpotQA,GeneratorCriticFuser20
271,271,67.8,0.26462625,1115731.0,281263.0,BootstrapFewShot,0.00146685,1419.0,2090.0,MATH,CoT
272,272,39.6,0.5783818500000003,4107811.0,260729.0,MIPROv2,3.732303299999999,36104598.0,2754400.0,hover,MultiHopSummarize
273,273,76.83,0.1397859,449738.0,147262.0,BootstrapFewShotRandomSearch,2.733943800000003,11981792.0,2499141.0,HumanEval,GeneratorCriticFuser
274,274,74.2,0.3933007499999996,1681417.0,241611.0,MIPROv2,3.456291899999992,27283328.0,1704049.0,MMLU,SimplifiedBaleen
275,275,73.4,0.3414189000000001,1775106.0,245671.0,MIPROv2-lite,1.4543879999999982,9211136.0,611532.0,MMLU,SimplifiedBaleen
276,276,80.0,0.18650145,591203.0,215579.0,MIPROv2-lite,1.8582749999999952,5492130.0,2523620.0,Iris,GeneratorCriticRanker20
277,277,64.0,1.3159915500000017,1962573.0,1807364.0,MIPROv2-lite,5.489712449999993,6964511.0,7826793.0,MATH,GeneratorCriticRanker
278,278,75.4,0.3730676999999996,736922.0,437549.0,Baseline,0.0,0.0,0.0,MMLU,GeneratorCriticRanker
279,279,81.71,0.0227283,120950.0,19163.0,BootstrapFewShot,0.00056835,1221.0,642.0,HumanEval,Predict
280,280,75.4,0.3730676999999999,736922.0,437549.0,MIPROv2-lite,1.9082416499999968,8418695.0,1440145.0,MMLU,GeneratorCriticRanker
281,281,86.67,0.0132472499999999,68175.0,5035.0,BootstrapFewShot,0.0004866,2260.0,246.0,Iris,CoT
282,282,77.0,0.4526378999999997,4814642.0,4800.0,BootstrapFewShot,0.001755,11508.0,48.0,SWEUnderspecified,Predict
283,283,54.45,0.2404942500000001,1015043.0,210343.0,BootstrapFewShot,0.0030769499999999,9905.0,2652.0,RAGQAArena,Predict
284,284,75.61,0.1198439999999999,233964.0,141377.0,Baseline,0.0,0.0,0.0,HumanEval,GeneratorCriticRanker
285,285,65.8,1.04395815,1499353.0,1366148.0,BootstrapFewShotRandomSearch,17.057387250000005,25882715.0,23689948.0,MATH,GeneratorCriticRanker
286,286,36.2,0.9390018,2069084.0,1183460.0,MIPROv2,8.534979749999978,24132703.0,11071789.0,HotpotQA,GeneratorCriticFuser20
287,287,91.0,0.0,335338.0,49861.0,MIPROv2,0.0,3341981.0,489198.0,Scone,CoT
288,288,78.67,0.01459125,72075.0,6300.0,MIPROv2-lite,0.16608075,739165.0,92010.0,Iris,CoT
289,289,77.47,0.1794898500000002,1334011.0,72991.0,BootstrapFewShot,0.00127935,4153.0,1094.0,IReRa,RAGBasedRank
290,290,65.6,0.18975525,147547.0,279372.0,MIPROv2-lite,1.0712153999999994,2591872.0,1343199.0,MATH,CoT
291,291,43.2,0.1365986999999999,714362.0,51042.0,MIPROv2,1.2889144500000005,8867011.0,488355.0,HotpotQA,RAG
292,292,81.33,0.08145735,423833.0,64156.0,BootstrapFewShot,0.0028502999999999,7150.0,2963.0,Iris,GeneratorCriticRanker
293,293,70.39,0.0264191999999999,168832.0,1824.0,BootstrapFewShotRandomSearch,0.4247507999999998,2767704.0,31944.0,HeartDisease,Predict
294,294,0.5,0.01273005,68495.0,4093.0,MIPROv2,0.1991035499999998,1603198.0,114525.0,HotpotQAConditional,Predict
295,295,0.5,0.0171298499999999,99695.0,3626.0,BootstrapFewShotRandomSearch,0.3230326499999998,1756223.0,99332.0,HotpotQAConditional,Predict
296,296,74.8,0.0,612228.0,65944.0,MIPROv2,0.0,5738684.0,434253.0,MMLU,CoT
297,297,54.47,1.3360194,7835696.0,1016559.0,BootstrapFewShotRandomSearch,13.228814999999983,59040433.0,11630321.0,RAGQAArena,GeneratorCriticFuser
298,298,71.6,0.0813085499999999,866021.0,6001.0,BootstrapFewShotRandomSearch,0.9582076500000014,6512739.0,102204.0,MMLU,Predict
299,299,73.6,0.2203688999999996,760110.0,177382.0,Baseline,0.0,0.0,0.0,MMLU,SimplifiedBaleen
300,300,50.6,0.1231606500000001,239303.0,145442.0,BootstrapFewShotRandomSearch,1.196979899999998,2886258.0,1273402.0,MATH,Predict
301,301,58.57,0.9633118500000002,8030227.0,384763.0,MIPROv2-lite,2.2903824000000004,15861464.0,1238418.0,Judge,GeneratorCriticFuser
302,302,35.4,0.0791200499999999,377339.0,37532.0,MIPROv2-lite,0.2904412499999995,1270959.0,166329.0,HotpotQA,CoT
303,303,10.4,0.0232504499999999,130055.0,6237.0,BootstrapFewShotRandomSearch,0.0460936499999999,247623.0,14917.0,IReRa,Predict
304,304,68.4,1.2880390500000003,2535959.0,1656550.0,MIPROv2,10.955786850000033,23698642.0,20775530.0,MATH,GeneratorCriticFuser
305,305,64.8,0.3601054499999999,1246827.0,289637.0,MIPROv2,3.0233786999999994,20282915.0,2227529.0,RAGQAArena,RAG
306,306,71.6,0.3706454999999998,751922.0,429762.0,Baseline,0.0,0.0,0.0,MMLU,GeneratorCriticFuser
307,307,57.71,0.2396188499999999,2183723.0,54058.0,MIPROv2-lite,0.6145434000000009,4635432.0,162645.0,Judge,CoT
308,308,36.6,0.641287950000001,4159309.0,288474.0,BootstrapFewShotRandomSearch,7.435318499999976,52035394.0,3205205.0,hover,MultiHopSummarize
309,309,35.5,0.1438168500000001,1130679.0,49441.0,BootstrapFewShotRandomSearch,2.2888827,14314538.0,949402.0,HotpotQAConditional,SimplifiedBaleenWithInst
310,310,34.4,0.3849352499999998,1542547.0,350674.0,MIPROv2,3.877747050000007,14248367.0,3841470.0,HotpotQA,GeneratorCriticRanker
311,311,55.91,0.2538691499999995,707057.0,246351.0,MIPROv2,2.471155049999989,7791574.0,2663899.0,RAGQAArena,Predict
312,312,63.33,0.6194608499999994,3664007.0,309889.0,MIPROv2-lite,2.495899800000003,15338428.0,1211210.0,RAGQAArena,SimplifiedBaleen
313,313,0.0,0.0194595,33538.0,26736.0,MIPROv2-lite,2.91358680000002,7586273.0,4189013.0,HotpotQA,GeneratorCriticRanker20
314,314,69.5,0.2311971000000001,2000642.0,4800.0,MIPROv2-lite,1.5445079999999995,13067256.0,36422.0,SWEValidity,Predict
315,315,76.83,0.21267765,815739.0,209712.0,MIPROv2-lite,1.9022882999999984,6182910.0,1978801.0,HumanEval,GeneratorCriticFuser
316,316,3.0,0.0668000999999999,243877.0,53118.0,MIPROv2-lite,0.8964389999999972,4894970.0,486133.0,HotpotQAConditional,SimplifiedBaleen
317,317,73.33,0.1868961000000001,539458.0,222325.0,MIPROv2-lite,2.103385799999997,5064409.0,2604763.0,Iris,GeneratorCriticFuser20
318,318,44.0,0.0569004,116524.0,65703.0,Baseline,0.0,0.0,0.0,Iris,GeneratorCriticRanker
319,319,65.2,1.3861698000000016,2545484.0,1922408.0,MIPROv2,13.908817950000056,22554593.0,22595234.0,MATH,GeneratorCriticRanker
320,320,27.6,0.06387435,111985.0,78461.0,Baseline,0.0,0.0,0.0,MATH,Predict
321,321,85.6,0.5280906000000013,2781748.0,417146.0,BootstrapFewShot,0.0036786,8036.0,4122.0,Scone,GeneratorCriticRanker
322,322,54.3,1.3239038999999997,4433242.0,1314276.0,MIPROv2,12.22452554999995,46971538.0,13235292.0,RAGQAArena,GeneratorCriticFuser
323,323,37.0,0.7689048000000005,6237780.0,260927.0,BootstrapFewShot,0.01350615,52429.0,9403.0,hover,MultiHopSummarize
324,324,0.5,0.0139012499999999,76495.0,4045.0,MIPROv2-lite,0.1880012999999999,984674.0,68184.0,HotpotQAConditional,Predict
325,325,68.8,0.0,1008945.0,281493.0,MIPROv2,0.0,7762104.0,3504924.0,MATH,CoT
326,326,92.0,0.0079250999999999,48750.0,1021.0,BootstrapFewShot,0.0003048,1824.0,52.0,Iris,Predict
327,327,45.39,0.1734583499999999,1357945.0,80987.0,BootstrapFewShot,0.00782655,36377.0,3950.0,HeartDisease,CoTBasedVote
328,328,67.4,0.3093502500000001,1613063.0,295310.0,BootstrapFewShotRandomSearch,3.3129310499999867,8732507.0,3962185.0,MATH,CoT
329,329,45.39,0.0359513999999999,262160.0,19723.0,BootstrapFewShot,0.0018225,8286.0,966.0,HeartDisease,CoT
330,330,36.0,0.0762196499999999,372339.0,33948.0,BootstrapFewShot,0.0012923999999999,5316.0,825.0,HotpotQA,CoT
331,331,57.14,0.8796484500000015,6889615.0,386557.0,BootstrapFewShotRandomSearch,3.8136439499999937,25196885.0,2192676.0,Judge,GeneratorCriticRanker
332,332,57.71,0.2353207499999997,2170073.0,47075.0,BootstrapFewShot,0.0026453999999999,12768.0,1217.0,Judge,CoT
333,333,35.8,0.0,400839.0,40479.0,MIPROv2,0.0,3003448.0,457976.0,HotpotQA,CoT
334,334,88.6,0.4904917500000001,2347057.0,440722.0,MIPROv2,3.7397457000000087,18131818.0,4340619.0,Scone,GeneratorCriticFuser
335,335,79.25,0.1909274999999999,1501842.0,4800.0,MIPROv2-lite,1.4407756499999975,12150087.0,35739.0,SWEUnderspecified,Predict
336,336,70.2,0.06798015,683021.0,6481.0,MIPROv2,0.677885249999999,4988074.0,181658.0,MMLU,Predict
337,337,57.33,0.24372,464780.0,331765.0,MIPROv2,5.500289250000012,11914120.0,7041537.0,Iris,GeneratorCriticFuser20
338,338,46.05,0.1873195499999999,1050869.0,105034.0,MIPROv2-lite,1.3464899999999969,7037988.0,768013.0,HeartDisease,CoTBasedVote
339,339,27.4,0.04298625,251839.0,8684.0,MIPROv2,0.3713573999999995,2306245.0,115760.0,HotpotQA,Predict
340,340,50.19,0.2500502999999999,923498.0,186516.0,BootstrapFewShot,0.0075234,23860.0,6574.0,RAGQAArena,CoT
341,341,10.12,0.04231545,196303.0,21450.0,BootstrapFewShotRandomSearch,0.0790574999999999,321194.0,51464.0,IReRa,CoT
342,342,20.24,4.456456799999999,19720416.0,339452.0,MIPROv2-lite,44.18986320000003,192212692.0,3223495.0,AppWorld,AppWorldReactAugmented
343,343,33.6,0.8832584999999987,2527850.0,1042183.0,BootstrapFewShotRandomSearch,4.133532749999996,32686767.0,12492789.0,HotpotQA,GeneratorCriticRanker20
344,344,66.75,0.3743931000000001,3925842.0,4800.0,BootstrapFewShotRandomSearch,4.957299449999988,48758119.0,69372.0,SWEValidity,Predict
345,345,50.0,0.0368388,269000.0,20756.0,MIPROv2-lite,0.3386290500000005,1663543.0,200256.0,HeartDisease,CoT
346,346,67.76,0.0255683999999999,162600.0,1964.0,MIPROv2,0.3706834499999997,3552959.0,47782.0,HeartDisease,Predict
347,347,28.6,0.3242289,609798.0,387932.0,Baseline,0.0,0.0,0.0,HotpotQA,GeneratorCriticRanker
348,348,79.27,0.0247731,56990.0,27041.0,BootstrapFewShotRandomSearch,0.3808759500000002,1421117.0,338650.0,HumanEval,CoT
349,349,32.0,0.3786064500000006,2009543.0,129825.0,MIPROv2-lite,1.7260636500000015,14229709.0,557440.0,hover,Predict
350,350,63.16,0.0323508,222336.0,20110.0,BootstrapFewShotRandomSearch,0.6508703999999985,3561216.0,363200.0,HeartDisease,CoT
351,351,3.0,0.0722762999999999,292477.0,50095.0,BootstrapFewShotRandomSearch,2.468774849999988,14759487.0,1103542.0,HotpotQAConditional,SimplifiedBaleen
352,352,87.0,0.0500006999999999,309338.0,6000.0,MIPROv2-lite,0.17064465,1019083.0,30004.0,Scone,Predict
353,353,27.2,0.0420586499999999,245839.0,8638.0,BootstrapFewShot,0.0007742999999999,4334.0,207.0,HotpotQA,Predict
354,354,91.2,0.9226776000000002,1963344.0,952176.0,MIPROv2-lite,3.4373061000000056,7488014.0,3414761.0,GSM8K,GeneratorCriticFuser
355,355,91.0,1.256305949999999,3099457.0,1068851.0,MIPROv2,9.709231049999968,21898471.0,9321067.0,GSM8K,GeneratorCriticFuser
356,356,93.0,0.0753993,118090.0,125592.0,Baseline,0.0,0.0,0.0,GSM8K,CoT
357,357,93.8,0.1929854999999999,621090.0,104418.0,BootstrapFewShot,0.0008334,2652.0,726.0,GSM8K,Predict
358,358,92.0,0.7816512000000011,1569016.0,910354.0,BootstrapFewShotRandomSearch,11.602029900000018,27590280.0,10448748.0,GSM8K,GeneratorCriticFuser
359,359,92.4,0.1537761,489590.0,133896.0,MIPROv2,1.4859448499999923,4628879.0,1213867.0,GSM8K,Predict
360,360,90.6,0.52202025,684522.0,804432.0,MIPROv2-lite,3.003699300000017,6431418.0,3077536.0,GSM8K,GeneratorCriticRanker
361,361,91.8,0.0854427,263590.0,76507.0,BootstrapFewShotRandomSearch,1.6995410999999954,5343614.0,1298889.0,GSM8K,Predict
362,362,84.6,0.2143707,706590.0,111085.0,BootstrapFewShot,0.00099315,2797.0,956.0,GSM8K,CoT
363,363,94.0,0.1652697,571590.0,132552.0,MIPROv2,1.5419966999999994,4783411.0,1257600.0,GSM8K,CoT
364,364,85.0,0.09063585,101590.0,135246.0,Baseline,0.0,0.0,0.0,GSM8K,Predict
365,365,93.0,0.677758350000001,1123805.0,848646.0,MIPROv2,8.474766749999983,20534982.0,7804429.0,GSM8K,GeneratorCriticRanker
366,366,94.8,0.2287521,740590.0,124250.0,MIPROv2-lite,0.7018868999999999,2142059.0,481643.0,GSM8K,CoT
367,367,85.4,1.165562849999998,3278067.0,804112.0,BootstrapFewShot,0.0054975,8778.0,6968.0,GSM8K,GeneratorCriticRanker
368,368,90.6,0.5220202499999997,684522.0,804432.0,Baseline,0.0,0.0,0.0,GSM8K,GeneratorCriticRanker
369,369,90.6,1.3385188499999991,3663067.0,944250.0,BootstrapFewShot,0.0060479999999999,8808.0,7878.0,GSM8K,GeneratorCriticFuser
370,370,93.8,0.1948766999999998,635590.0,103545.0,MIPROv2-lite,0.6427409999999993,2048508.0,414340.0,GSM8K,Predict
371,371,94.0,0.1458188999999998,483090.0,122259.0,BootstrapFewShotRandomSearch,1.911478200000003,6123669.0,1429012.0,GSM8K,CoT
372,372,92.2,1.1315473499999982,3049269.0,820939.0,BootstrapFewShotRandomSearch,10.148818800000065,24901739.0,9048999.0,GSM8K,GeneratorCriticRanker
373,373,84.8,0.5624614500000015,687522.0,893411.0,Baseline,0.0,0.0,0.0,GSM8K,GeneratorCriticFuser
374,374,88.2,0.6172492500000002,4721923.0,367884.0,RuleInfer,3.863705699999991,29055558.0,2305748.0,Scone,GeneratorCriticFuser
375,375,63.75,0.9445204500000004,4032687.0,568861.0,Baseline,0.0,0.0,0.0,SWEValidity,GeneratorCriticRanker
376,376,91.2,0.5673967500000003,3918817.0,388229.0,RuleInfer-lite,3.509700000000002,23690120.0,2387546.0,Scone,GeneratorCriticRanker
377,377,56.0,1.0163596500000007,8522511.0,402681.0,RuleInfer,3.026618099999996,25886810.0,1204709.0,Judge,GeneratorCriticFuser
378,378,68.75,2.108199000000005,20196732.0,529218.0,RuleInfer,16.327832849999997,155116691.0,4001162.0,SWEValidity,GeneratorCriticRanker
379,379,28.0,0.8581017000000011,3885670.0,459456.0,Baseline,0.0,0.0,0.0,SWEUnderspecified,GeneratorCriticFuser
380,380,76.75,1.8679487999999984,17367468.0,449813.0,BootstrapFewShot,0.0080212499999999,37295.0,4045.0,SWEUnderspecified,GeneratorCriticRanker
381,381,76.75,1.8572320500000024,17669511.0,450057.0,RuleInfer-lite,14.405306399999985,135854036.0,3391815.0,SWEUnderspecified,GeneratorCriticRanker
382,382,67.25,1.1489281499999993,6940177.0,587068.0,MIPROv2,18.156059549999984,135373121.0,6790371.0,SWEValidity,GeneratorCriticRanker
383,383,63.5,2.017444799999997,17174836.0,720043.0,BootstrapFewShotRandomSearch,22.570447350000048,178369161.0,8289186.0,SWEValidity,GeneratorCriticRanker
384,384,59.0,2.077850999999999,19496124.0,561230.0,RuleInfer-lite,16.091499299999995,150118630.0,4277140.0,SWEValidity,GeneratorCriticRanker
385,385,90.4,0.6158957999999997,4808536.0,359127.0,RuleInfer,3.873763800000002,29490144.0,2258425.0,Scone,GeneratorCriticRanker
386,386,63.75,0.9445204500000004,4032687.0,568861.0,MIPROv2-lite,5.725657800000012,37620560.0,2561511.0,SWEValidity,GeneratorCriticRanker
387,387,80.5,1.1785017000000002,7913878.0,514932.0,MIPROv2-lite,6.260798850000002,47106475.0,2252494.0,SWEUnderspecified,GeneratorCriticFuser
388,388,77.0,1.8604891499999987,17658189.0,454764.0,RuleInfer-lite,14.499419400000006,136176268.0,3437952.0,SWEUnderspecified,GeneratorCriticFuser
389,389,77.25,1.8810742499999984,17372411.0,453285.0,BootstrapFewShot,0.00809625,37443.0,4133.0,SWEUnderspecified,GeneratorCriticFuser
390,390,53.71,0.9747435,8165490.0,377344.0,RuleInfer-lite,2.908163549999997,24895653.0,1136914.0,Judge,GeneratorCriticFuser
391,391,74.67,0.09922275,664545.0,70371.0,RuleInfer,0.8421727500000008,5395929.0,574527.0,Iris,GeneratorCriticFuser
392,392,35.4,0.5488312500000001,4116567.0,332697.0,RuleInfer,3.39052245000001,25374211.0,1996214.0,HotpotQA,GeneratorCriticRanker
393,393,35.0,0.4807672500000004,3424135.0,309837.0,RuleInfer-lite,2.9563857000000064,20860022.0,1878832.0,HotpotQA,GeneratorCriticFuser
394,394,76.75,1.9284039000000008,18213202.0,484626.0,RuleInfer,14.958588149999944,140284857.0,3672246.0,SWEUnderspecified,GeneratorCriticRanker
395,395,70.67,0.08003115,395733.0,66852.0,RuleInfer-lite,0.7049825999999995,3245039.0,565560.0,Iris,GeneratorCriticFuser
396,396,34.0,0.5316665999999999,4108540.0,302768.0,RuleInfer,3.271430100000003,25154730.0,1828213.0,HotpotQA,GeneratorCriticFuser
397,397,84.5,1.1489587499999987,7761817.0,498717.0,MIPROv2,17.015437950000035,125487153.0,6220491.0,SWEUnderspecified,GeneratorCriticFuser
398,398,82.0,0.997862699999998,5955706.0,474738.0,BootstrapFewShotRandomSearch,19.83996990000011,154233698.0,6898016.0,SWEUnderspecified,GeneratorCriticFuser
399,399,88.4,0.5405884499999996,3813911.0,358703.0,RuleInfer-lite,3.386727449999978,23447655.0,2237176.0,Scone,GeneratorCriticFuser
400,400,36.2,0.4931662499999994,3468139.0,320717.0,RuleInfer-lite,3.037141949999997,21040581.0,1950366.0,HotpotQA,GeneratorCriticRanker
401,401,77.25,1.8386728500000007,17196083.0,467178.0,RuleInfer,14.364324900000032,132590610.0,3524841.0,SWEUnderspecified,GeneratorCriticFuser
402,402,58.0,2.065193250000002,19157567.0,563525.0,BootstrapFewShot,0.0152902499999999,61503.0,10108.0,SWEValidity,GeneratorCriticRanker
403,403,79.0,0.8465973000000014,3870870.0,444558.0,Baseline,0.0,0.0,0.0,SWEUnderspecified,GeneratorCriticRanker
404,404,58.86,0.9880921499999984,8379885.0,385913.0,RuleInfer,2.928338549999995,24941225.0,1166186.0,Judge,GeneratorCriticRanker
405,405,72.0,0.0889108499999999,609027.0,57848.0,RuleInfer-lite,0.7432834500000001,4870451.0,491703.0,Iris,GeneratorCriticRanker
406,406,65.33,0.1046669999999999,722604.0,70610.0,RuleInfer,0.8406602999999995,5720426.0,536306.0,Iris,GeneratorCriticRanker
407,407,79.0,0.8465973000000016,3870870.0,444558.0,MIPROv2-lite,5.996981400000007,44440832.0,2152793.0,SWEUnderspecified,GeneratorCriticRanker
408,408,50.57,0.95854095,8093709.0,365693.0,RuleInfer-lite,2.8653391499999947,24693561.0,1105839.0,Judge,GeneratorCriticRanker
409,409,81.5,0.9475427999999996,5373448.0,485748.0,BootstrapFewShotRandomSearch,19.91037945000014,159473567.0,6521190.0,SWEUnderspecified,GeneratorCriticRanker
410,410,80.5,1.2574462499999983,9224683.0,479925.0,MIPROv2,15.350499600000038,106995760.0,6101066.0,SWEUnderspecified,GeneratorCriticRanker
